,CIK,CONAME,FYRMO,FDATE,FORM,SECFNAME,positive_score,negative_score,polarity_score,average_sentence_length,percentage_of_complex_words,fog_index,complex_word_count,word_count,uncertainty_score,constraining_score,positive_word_proportion,negative_word_proportion,uncertainty_word_proportion,constraining_word_proportion
0,3662,SUNBEAM CORP/FL/,199803,1998-03-06,10-K405,edgar/data/3662/0000950170-98-000413.txt,6,10,-0.24999998437500096,21.583333333333332,20.84942084942085,16.973101673101674,108,518,4,5,0.011583011583011582,0.019305019305019305,0.007722007722007722,0.009652509652509652
1,3662,SUNBEAM CORP/FL/,199805,1998-05-15,10-Q,edgar/data/3662/0000950170-98-001001.txt,585,1428,-0.41877794316007055,14.99609984399376,39.95838751625488,21.98179494409946,23046,57675,859,1047,0.010143042912873863,0.024759427828348505,0.014893801473775467,0.018153446033810142
2,3662,SUNBEAM CORP/FL/,199808,1998-08-13,NT 10-Q,edgar/data/3662/0000950172-98-000783.txt,2,8,-0.599999940000006,11.244897959183673,28.85662431941924,16.040608911441165,159,551,9,5,0.003629764065335753,0.014519056261343012,0.016333938294010888,0.009074410163339383
3,3662,SUNBEAM CORP/FL/,199811,1998-11-12,10-K/A,edgar/data/3662/0000950170-98-002145.txt,368,1404,-0.5846501125368792,13.106069364161849,40.547334994597215,21.461361743503627,18387,45347,553,717,0.008115200564535692,0.03096125432773943,0.012194853022250644,0.015811409795576332
4,3662,SUNBEAM CORP/FL/,199811,1998-11-16,NT 10-Q,edgar/data/3662/0000950172-98-001203.txt,3,8,-0.4545454132231443,11.875,28.87218045112782,16.298872180451127,192,665,10,4,0.004511278195488722,0.012030075187969926,0.015037593984962405,0.006015037593984963
5,3662,SUNBEAM CORP/FL/,199811,1998-11-25,10-Q/A,edgar/data/3662/0000950170-98-002278.txt,46,397,-0.7923250546448645,13.341829085457272,39.63366670412406,21.190198315832532,3527,8899,179,92,0.005169120125856838,0.044611754129677494,0.02011461962018204,0.010338240251713676
6,3662,SUNBEAM CORP/FL/,199812,1998-12-22,10-Q,edgar/data/3662/0000950170-98-002401.txt,125,581,-0.6458923503599259,14.413064361191163,39.396161023727004,21.523690153967266,5911,15004,279,272,0.00833111170354572,0.038723007198080514,0.01859504132231405,0.01812849906691549
7,3662,SUNBEAM CORP/FL/,199812,1998-12-22,10-Q,edgar/data/3662/0000950170-98-002402.txt,62,356,-0.7033492806139969,13.796187683284458,39.55787012434902,21.341623123053395,3722,9409,201,106,0.006589435646721225,0.03783611435859284,0.021362525241789776,0.011265809331491126
8,3662,SUNBEAM CORP/FL/,199903,1999-03-31,NT 10-K,edgar/data/3662/0000950172-99-000362.txt,6,10,-0.24999998437500096,21.583333333333332,20.84942084942085,16.973101673101674,108,518,4,5,0.011583011583011582,0.019305019305019305,0.007722007722007722,0.009652509652509652
9,3662,SUNBEAM CORP/FL/,199905,1999-05-11,10-K,edgar/data/3662/0000950170-99-000775.txt,408,1592,-0.591999999704,14.036532507739938,41.73761524548944,22.30965910129175,18923,45338,668,502,0.00899907362477392,0.035114032379019805,0.014733777405267105,0.011072389606952225
10,3662,SUNBEAM CORP/FL/,199905,1999-05-17,NT 10-Q,edgar/data/3662/0000950172-99-000584.txt,2,6,-0.4999999375000079,11.584905660377359,30.456026058631924,16.816372687603714,187,614,13,3,0.003257328990228013,0.009771986970684038,0.021172638436482084,0.004885993485342019
11,3662,SUNBEAM CORP/FL/,199906,1999-06-11,10-Q,edgar/data/3662/0000950170-99-001005.txt,69,370,-0.685649201171642,13.879173290937997,40.20618556701031,21.634143543179324,3510,8730,204,83,0.007903780068728522,0.042382588774341354,0.02336769759450172,0.009507445589919816
12,3662,SUNBEAM CORP/FL/,199908,1999-08-16,NT 10-Q,edgar/data/3662/0000950172-99-001074.txt,2,5,-0.4285713673469475,11.196078431372548,28.896672504378284,16.037100374300334,165,571,7,3,0.0035026269702276708,0.008756567425569177,0.012259194395796848,0.005253940455341506
13,3662,SUNBEAM CORP/FL/,199908,1999-08-19,10-Q,edgar/data/3662/0000950170-99-001361.txt,142,523,-0.5729323299655152,13.764067127344521,39.123574553539406,21.155056672353574,5455,13943,312,151,0.010184321881947931,0.037509861579287096,0.022376819909632074,0.010829807071648856
14,3662,SUNBEAM CORP/FL/,199911,1999-11-08,10-K/A,edgar/data/3662/0000889812-99-003241.txt,270,1272,-0.6498054470494128,13.84771986970684,41.011467215524846,21.943674834092675,13948,34010,665,336,0.007938841517200824,0.03740076448103499,0.019553072625698324,0.009879447221405468
15,3662,SUNBEAM CORP/FL/,199911,1999-11-08,10-Q/A,edgar/data/3662/0000950170-99-001639.txt,147,651,-0.6315789465769688,14.299137104506231,39.4662733002548,21.50616416190441,5886,14914,342,169,0.009856510661123776,0.04365026149926244,0.022931473783022665,0.011331634705645702
16,3662,SUNBEAM CORP/FL/,199911,1999-11-08,10-Q/A,edgar/data/3662/0000950170-99-001640.txt,110,632,-0.703504042178566,14.249469214437367,40.08045891380466,21.731971251296812,5380,13423,316,157,0.008194889368993518,0.047083364374580945,0.023541682187290473,0.011696342099381658
17,3662,SUNBEAM CORP/FL/,199911,1999-11-15,NT 10-Q,edgar/data/3662/0000950172-99-001626.txt,3,3,0.0,10.431372549019608,28.195488721804512,15.450744508329649,150,532,5,3,0.005639097744360902,0.005639097744360902,0.009398496240601503,0.005639097744360902
18,3662,SUNBEAM CORP/FL/,199911,1999-11-19,10-Q,edgar/data/3662/0000950170-99-001856.txt,6,10,-0.24999998437500096,21.625,20.809248554913296,16.973699421965318,108,519,4,5,0.011560693641618497,0.019267822736030827,0.007707129094412331,0.009633911368015413
19,3982,ALLIS CHALMERS ENERGY INC.,200603,2006-03-22,10-K,edgar/data/3982/0000950129-06-002926.txt,344,1392,-0.6036866355969547,38.57544757033248,8.397125648335619,18.78902928746724,16465,196079,655,523,0.0017543949122547544,0.007099179412379704,0.0033404903125780934,0.002667292264852432
20,3982,ALLIS CHALMERS ENERGY INC.,200605,2006-05-01,10-K/A,edgar/data/3982/0000950129-06-004690.txt,6,10,-0.24999998437500096,21.625,20.809248554913296,16.973699421965318,108,519,4,5,0.011560693641618497,0.019267822736030827,0.007707129094412331,0.009633911368015413
21,3982,ALLIS CHALMERS ENERGY INC.,200605,2006-05-10,10-Q,edgar/data/3982/0000950129-06-005244.txt,196,1159,-0.7107011064865674,36.746379647749514,12.815405753725223,19.824714160589895,12032,93887,330,652,0.0020876159638714624,0.012344627051668495,0.0035148636126407277,0.006944518410429559
22,3982,ALLIS CHALMERS ENERGY INC.,200607,2006-07-24,10-K/A,edgar/data/3982/0000950129-06-007243.txt,6,10,-0.24999998437500096,21.625,20.809248554913296,16.973699421965318,108,519,4,5,0.011560693641618497,0.019267822736030827,0.007707129094412331,0.009633911368015413
23,3982,ALLIS CHALMERS ENERGY INC.,200607,2006-07-24,10-Q/A,edgar/data/3982/0000950129-06-007244.txt,31,148,-0.6536312812646298,39.461716937354986,8.457784571966133,19.16780060372845,2877,34016,102,63,0.0009113358419567262,0.004350893697083726,0.002998588899341486,0.0018520696142991532
24,3982,ALLIS CHALMERS ENERGY INC.,200608,2006-08-14,10-Q,edgar/data/3982/0000950129-06-007871.txt,57,130,-0.3903743294632389,42.930998970133885,8.324137600153529,20.502054628114966,3470,41686,145,67,0.0013673655423883319,0.0031185529914119848,0.0034783860288825985,0.0016072542340354076
25,3982,ALLIS CHALMERS ENERGY INC.,200611,2006-11-08,10-Q,edgar/data/3982/0000950129-06-009522.txt,105,274,-0.4459102890609227,53.62933753943218,7.265962765801006,24.358120122093275,4941,68002,268,112,0.0015440722331696126,0.004029293256080703,0.00394106055704244,0.001647010382047587
26,3982,ALLIS CHALMERS ENERGY INC.,200612,2006-12-29,10-Q/A,edgar/data/3982/0000950134-06-023819.txt,234,921,-0.594805194290212,33.71330798479087,7.487650283084834,16.480383307150284,13278,177332,266,374,0.0013195587936751403,0.005193648072541899,0.0015000112782802878,0.0021090384138226603
27,3982,ALLIS CHALMERS ENERGY INC.,200703,2007-03-15,10-K,edgar/data/3982/0000950129-07-001381.txt,285,814,-0.481346678360922,43.649260628465804,6.976719565516584,20.250392077592956,13180,188914,716,271,0.0015086229712991095,0.004308838942587633,0.003790084377018114,0.00143451517621775
28,3982,ALLIS CHALMERS ENERGY INC.,200705,2007-05-10,10-Q,edgar/data/3982/0000950129-07-002432.txt,385,1830,-0.6523702028657471,37.40286298568507,13.658951461029098,20.42472577868567,22484,164610,546,1305,0.0023388615515460786,0.011117186076180062,0.003316930927647166,0.007927829414980863
29,3982,ALLIS CHALMERS ENERGY INC.,200708,2007-08-09,10-Q,edgar/data/3982/0000950129-07-003918.txt,66,157,-0.4080717470490056,61.351295336787565,6.133031551922167,26.993730755483895,3631,59204,127,66,0.001114789541247213,0.0026518478481183704,0.0021451253293696374,0.001114789541247213
30,3982,ALLIS CHALMERS ENERGY INC.,200711,2007-11-06,10-Q,edgar/data/3982/0000950129-07-005361.txt,171,436,-0.4365733106481494,52.20673900628213,8.179272321526243,24.154404531123348,7477,91414,206,167,0.0018706106285689282,0.00476951014067867,0.0022534841490362526,0.0018268536548012339
31,3982,ALLIS CHALMERS ENERGY INC.,200803,2008-03-07,10-K,edgar/data/3982/0000950129-08-001569.txt,302,785,-0.44434222590216904,44.86831180811808,6.784923078504644,20.661293954649093,13200,194549,759,300,0.0015523081588700019,0.004034973194413746,0.0039013307701401705,0.0015420279723874191
32,3982,ALLIS CHALMERS ENERGY INC.,200804,2008-04-29,10-K/A,edgar/data/3982/0000950129-08-002507.txt,105,206,-0.32475884139948924,46.06808134394341,9.498493368903901,22.226629885138927,4949,52103,78,94,0.00201523904573633,0.003953707080206514,0.0014970347196898452,0.0018041187647544288
33,4447,AMERADA HESS CORP,200311,2003-11-12,10-Q,edgar/data/4447/0000950123-03-012528.txt,53,217,-0.6074074051577504,44.044466403162055,6.445606084400871,20.196028995025173,2873,44573,100,85,0.0011890606420927466,0.0048684181006438875,0.0022435106454580128,0.0019069840486393107
34,4447,AMERADA HESS CORP,200403,2004-03-12,10-K,edgar/data/4447/0000950123-04-003250.txt,185,547,-0.4945355184500881,33.57334847624456,5.199923323260115,15.509308719801872,9223,177368,330,277,0.0010430291822651212,0.0030839835821568715,0.0018605385413377835,0.001561724775607776
35,4447,AMERADA HESS CORP,200403,2004-03-15,10-K/A,edgar/data/4447/0000950123-04-003322.txt,26,54,-0.34999999562500006,35.53072625698324,3.172169811320755,15.481158427321601,807,25440,19,34,0.0010220125786163522,0.0021226415094339622,0.0007468553459119497,0.0013364779874213836
36,4447,AMERADA HESS CORP,200405,2004-05-07,10-Q,edgar/data/4447/0000950123-04-005950.txt,35,125,-0.562499996484375,36.597961494903736,6.133184800099023,17.092458518001106,1982,32316,63,41,0.0010830548335189999,0.003868052976853571,0.0019494987003341997,0.0012687213764079712
37,4447,AMERADA HESS CORP,200408,2004-08-06,10-Q,edgar/data/4447/0000950123-04-009350.txt,42,162,-0.5882352912341408,44.885393258426966,5.479623510563733,20.146006707596282,2189,39948,67,41,0.0010513667768098527,0.004055271853409433,0.0016771803344347652,0.0010263342345048563
38,4447,AMERADA HESS CORP,200411,2004-11-05,10-Q,edgar/data/4447/0000950123-04-013054.txt,63,275,-0.6272189330555653,36.116655865197664,6.508397932816537,17.050021519205682,3627,55728,101,114,0.0011304909560723513,0.004934682744760264,0.0018123743898937697,0.002045650301464255
39,4447,AMERADA HESS CORP,200503,2005-03-14,10-K,edgar/data/4447/0000950123-05-003078.txt,397,1315,-0.5362149529578183,30.0652977412731,9.918179458809709,15.993390880033125,21783,219627,722,1075,0.0018076101754338036,0.005987424132734135,0.003287391805196993,0.004894662313832088
40,4447,AMERADA HESS CORP,200505,2005-05-06,10-Q,edgar/data/4447/0000950123-05-005767.txt,35,116,-0.536423837507127,62.30420168067227,5.5056513177416315,27.12394119936556,2041,37071,58,37,0.0009441342289120876,0.0031291305872514904,0.0015645652936257452,0.0009980847562784925
41,4447,AMERADA HESS CORP,200508,2005-08-05,10-Q,edgar/data/4447/0000950123-05-009475.txt,45,171,-0.5833333306327161,66.74632843791723,4.692656971976077,28.575594163957323,2346,49993,64,44,0.00090012601764247,0.003420478867041386,0.001280179225091513,0.000880123217250415
42,4447,AMERADA HESS CORP,200511,2005-11-07,10-Q,edgar/data/4447/0000950123-05-013153.txt,6,10,-0.24999998437500096,21.583333333333332,20.84942084942085,16.973101673101674,108,518,4,5,0.011583011583011582,0.019305019305019305,0.007722007722007722,0.009652509652509652
43,4457,AMERCO /NV/,199911,1999-11-08,10-Q,edgar/data/4457/0000004457-99-000043.txt,6,10,-0.24999998437500096,21.625,20.809248554913296,16.973699421965318,108,519,4,5,0.011560693641618497,0.019267822736030827,0.007707129094412331,0.009633911368015413
44,4457,AMERCO /NV/,200002,2000-02-10,10-Q,edgar/data/4457/0000004457-00-000018.txt,6,10,-0.24999998437500096,21.583333333333332,20.84942084942085,16.973101673101674,108,518,4,5,0.011583011583011582,0.019305019305019305,0.007722007722007722,0.009652509652509652
45,4457,AMERCO /NV/,200006,2000-06-29,10-K,edgar/data/4457/0000004457-00-000067.txt,6,10,-0.24999998437500096,21.625,20.809248554913296,16.973699421965318,108,519,4,5,0.011560693641618497,0.019267822736030827,0.007707129094412331,0.009633911368015413
46,4457,AMERCO /NV/,200008,2000-08-11,10-Q,edgar/data/4457/0000004457-00-000080.txt,22,65,-0.49425286788215095,9.305489260143197,37.44549884585791,18.700395242400443,1460,3899,30,24,0.0056424724288279045,0.016670941266991535,0.007694280584765324,0.00615542446781226
47,4457,AMERCO /NV/,200011,2000-11-13,10-Q,edgar/data/4457/0000004457-00-000105.txt,6,10,-0.24999998437500096,21.625,20.809248554913296,16.973699421965318,108,519,4,5,0.011560693641618497,0.019267822736030827,0.007707129094412331,0.009633911368015413
48,4457,AMERCO /NV/,200102,2001-02-14,10-Q,edgar/data/4457/0000004457-01-500024.txt,58,231,-0.5986159148836819,10.422169811320755,37.112468884362976,19.013855478273495,3280,8838,81,55,0.006562570717356868,0.02613713509843856,0.009164969450101833,0.0062231274043901335
49,4457,AMERCO /NV/,200107,2001-07-02,10-K,edgar/data/4457/0000004457-01-500063.txt,121,408,-0.5425330802598618,10.544710695499708,37.35727746369582,19.160795263678214,6740,18042,206,121,0.006706573550604146,0.02261390089790489,0.01141780290433433,0.006706573550604146
50,4457,AMERCO /NV/,200107,2001-07-02,NT 10-K,edgar/data/4457/0000004457-01-500060.txt,2,10,-0.6666666111111158,8.91304347826087,28.780487804878046,15.077412513255567,177,615,6,5,0.0032520325203252032,0.016260162601626018,0.00975609756097561,0.008130081300813009
51,4457,AMERCO /NV/,200108,2001-08-10,10-Q,edgar/data/4457/0000004457-01-500081.txt,16,48,-0.49999999218750013,8.901041666666666,38.44353423054418,18.937830358884337,1314,3418,40,27,0.004681100058513751,0.014043300175541252,0.011702750146284377,0.007899356348741955
52,4457,AMERCO /NV/,200108,2001-08-10,10-Q/A,edgar/data/4457/0000004457-01-500083.txt,22,136,-0.7215189827751963,10.015021459227468,35.590314977501606,18.24213457469163,1661,4667,38,19,0.004713949003642597,0.02914077565888151,0.008142275551746304,0.004071137775873152
53,4515,AMERICAN AIRLINES INC,200810,2008-10-16,10-Q,edgar/data/4515/0000004515-08-000073.txt,130,858,-0.7368421045173663,432.33419023136247,7.944558741333586,176.11149958907845,13361,168178,317,274,0.0007729905219469847,0.005101737444850099,0.001884907657363032,0.0016292261770267217
54,4515,AMERICAN AIRLINES INC,200902,2009-02-19,10-K,edgar/data/4515/0000004515-09-000008.txt,697,2820,-0.6036394652818767,579.2854460093897,8.553195696819296,235.13545668248364,52768,616939,867,794,0.0011297713388195591,0.004570954340704672,0.0014053253238975004,0.0012869992008934432
55,4515,AMERICAN AIRLINES INC,200904,2009-04-16,10-Q,edgar/data/4515/0000004515-09-000018.txt,6,10,-0.24999998437500096,21.625,20.809248554913296,16.973699421965318,108,519,4,5,0.011560693641618497,0.019267822736030827,0.007707129094412331,0.009633911368015413
56,4515,AMERICAN AIRLINES INC,200907,2009-07-15,10-Q,edgar/data/4515/0000004515-09-000029.txt,236,1024,-0.6253968249004787,848.1348837209302,8.879127387591925,342.80560444340887,16191,182349,476,379,0.001294221520271567,0.005615605240500359,0.002610378998513839,0.002078432017724254
57,4515,AMERICAN AIRLINES INC,200910,2009-10-21,10-Q,edgar/data/4515/0000004515-09-000039.txt,144,632,-0.628865978571049,545.1244239631336,8.047881513542759,221.26892219067054,9520,118292,310,174,0.0012173266154938626,0.005342711256889731,0.002620633686132621,0.0014709363270550841
58,4515,AMERICAN AIRLINES INC,200911,2009-11-06,10-Q/A,edgar/data/4515/0000004515-09-000041.txt,6,84,-0.8666666570370372,277.22641509433964,9.725719730483902,114.78085392992942,1429,14693,17,30,0.00040835772136391476,0.005717008099094807,0.0011570135438644252,0.002041788606819574
59,4515,AMERICAN AIRLINES INC,201002,2010-02-17,10-K,edgar/data/4515/0000004515-10-000006.txt,338,1032,-0.5065693426959348,753.1488833746898,7.5415377620511395,304.2761684546964,22890,303519,594,364,0.0011136040906829555,0.0034001166319077222,0.0019570438753422357,0.0011992659438124138
60,4515,AMERICAN AIRLINES INC,201004,2010-04-21,10-Q,edgar/data/4515/0000004515-10-000016.txt,91,394,-0.6247422667531087,930.8791208791209,7.656711132097745,375.41433280448746,6486,84710,156,94,0.0010742533349073309,0.004651162790697674,0.0018415771455554243,0.001109668280014166
61,4515,AMERICAN AIRLINES INC,201007,2010-07-21,10-Q,edgar/data/4515/0000950123-10-066865.txt,189,4419,-0.917968749800788,40.750903977501004,6.953139634621262,19.081617444848906,14105,202858,387,283,0.0009316862041427994,0.02178371077305307,0.0019077384180066846,0.001395064527896361
62,4515,AMERICAN AIRLINES INC,201010,2010-10-20,10-Q,edgar/data/4515/0000950123-10-094615.txt,6,10,-0.24999998437500096,21.583333333333332,20.84942084942085,16.973101673101674,108,518,4,5,0.011583011583011582,0.019305019305019305,0.007722007722007722,0.009652509652509652
63,4962,AMERICAN EXPRESS CO,201404,2014-04-29,10-Q,edgar/data/4962/0001193125-14-167067.txt,6,10,-0.24999998437500096,21.583333333333332,20.84942084942085,16.973101673101674,108,518,4,5,0.011583011583011582,0.019305019305019305,0.007722007722007722,0.009652509652509652
64,4962,AMERICAN EXPRESS CO,201407,2014-07-30,10-Q,edgar/data/4962/0001193125-14-286961.txt,6923,3406,0.34049762800459893,198.3462809089999,4.130610448492667,80.99075654299702,81839,1981281,874,650,0.0034942040023600894,0.001719089821181347,0.000441128744483998,0.0003280705765613257
65,5588,AMERICAN PAD & PAPER CO,199611,1996-11-06,10-Q,edgar/data/5588/0000930661-96-001510.txt,25,83,-0.537037032064472,8.082214765100671,37.45069545360183,18.213164087481,1804,4817,54,26,0.005189952252439277,0.017230641478098403,0.011210296865268839,0.005397550342536849
66,5588,AMERICAN PAD & PAPER CO,199703,1997-03-31,10-K,edgar/data/5588/0000950134-97-002428.txt,350,833,-0.40828402332351305,12.412153782554775,40.206494587843466,21.047459348159297,12072,30025,350,360,0.011656952539550375,0.02774354704412989,0.011656952539550375,0.011990008326394672
67,5588,AMERICAN PAD & PAPER CO,199705,1997-05-15,10-Q,edgar/data/5588/0000950134-97-003934.txt,26,26,0.0,11.589285714285714,35.10529019003595,18.677830361728667,1367,3894,59,17,0.00667693888032871,0.00667693888032871,0.015151515151515152,0.004365690806368772
68,5588,AMERICAN PAD & PAPER CO,199708,1997-08-14,10-Q,edgar/data/5588/0000950134-97-006223.txt,70,152,-0.3693693677055434,10.105053191489361,41.742334517699696,20.738955083675624,3172,7599,100,58,0.009211738386629819,0.020002631925253322,0.013159626266614028,0.007632583234636136
69,5588,AMERICAN PAD & PAPER CO,199711,1997-11-14,10-Q,edgar/data/5588/0000950134-97-008577.txt,6,10,-0.24999998437500096,21.625,20.809248554913296,16.973699421965318,108,519,4,5,0.011560693641618497,0.019267822736030827,0.007707129094412331,0.009633911368015413
70,5588,AMERICAN PAD & PAPER CO,199803,1998-03-27,10-K,edgar/data/5588/0000950134-98-002477.txt,195,303,-0.21686746944404123,11.787930062041736,38.0956937799043,19.953449536778418,7962,20900,256,143,0.009330143540669857,0.014497607655502393,0.012248803827751197,0.006842105263157895
71,5588,AMERICAN PAD & PAPER CO,199805,1998-05-14,10-Q,edgar/data/5588/0000950134-98-004241.txt,6,10,-0.24999998437500096,21.625,20.809248554913296,16.973699421965318,108,519,4,5,0.011560693641618497,0.019267822736030827,0.007707129094412331,0.009633911368015413
72,5588,AMERICAN PAD & PAPER CO,199808,1998-08-14,10-Q,edgar/data/5588/0000950134-98-006988.txt,6,10,-0.24999998437500096,21.625,20.809248554913296,16.973699421965318,108,519,4,5,0.011560693641618497,0.019267822736030827,0.007707129094412331,0.009633911368015413
73,5588,AMERICAN PAD & PAPER CO,199811,1998-11-13,10-Q,edgar/data/5588/0000005588-98-000008.txt,75,193,-0.4402985058197817,11.140397350993377,36.11936749494709,18.903905938376187,3038,8411,114,87,0.00891689454286054,0.02294614195696112,0.01355367970514802,0.010343597669718227
74,5588,AMERICAN PAD & PAPER CO,199811,1998-11-16,10-Q/A,edgar/data/5588/0000005588-98-000010.txt,6,10,-0.24999998437500096,21.583333333333332,20.84942084942085,16.973101673101674,108,518,4,5,0.011583011583011582,0.019305019305019305,0.007722007722007722,0.009652509652509652
75,5907,AT&T CORP,199908,1999-08-13,10-Q,edgar/data/5907/0000005907-99-000027.txt,6,10,-0.24999998437500096,21.625,20.809248554913296,16.973699421965318,108,519,4,5,0.011560693641618497,0.019267822736030827,0.007707129094412331,0.009633911368015413
76,5907,AT&T CORP,199911,1999-11-15,10-Q,edgar/data/5907/0000005907-99-000037.txt,6,10,-0.24999998437500096,21.625,20.809248554913296,16.973699421965318,108,519,4,5,0.011560693641618497,0.019267822736030827,0.007707129094412331,0.009633911368015413
77,5907,AT&T CORP,200003,2000-03-27,10-K,edgar/data/5907/0000005907-00-000014.txt,588,689,-0.07909162092475205,12.631528279181708,39.24243578995503,20.749585627654696,20596,52484,682,514,0.011203414373904428,0.013127810380306379,0.012994436399664659,0.009793460864263394
78,5907,AT&T CORP,200005,2000-05-15,10-Q,edgar/data/5907/0000005907-00-000025.txt,112,168,-0.1999999992857143,12.372549019607844,36.36203556964254,19.49383383570016,4130,11358,136,64,0.009860891001936961,0.014791336502905442,0.011973939073780596,0.005634794858249692
79,5907,AT&T CORP,200008,2000-08-14,10-Q,edgar/data/5907/0000005907-00-000031.txt,190,239,-0.1142191139528692,13.072453861927546,36.005228758169935,19.631073048038992,6886,19125,218,97,0.009934640522875817,0.01249673202614379,0.011398692810457516,0.0050718954248366015
80,5907,AT&T CORP,200011,2000-11-14,10-Q,edgar/data/5907/0000005907-00-000038.txt,207,316,-0.20841300151355066,12.936132465996451,35.67542857142857,19.444624414970008,7804,21875,282,113,0.009462857142857143,0.014445714285714286,0.012891428571428571,0.005165714285714286
81,5907,AT&T CORP,200101,2001-01-26,10-K/A,edgar/data/5907/0000005907-01-000002.txt,254,422,-0.24852070969153742,10.459098497495827,38.45703644586326,19.566453977343635,7228,18795,261,113,0.013514232508645916,0.022452779994679435,0.013886671987230646,0.006012237297153498
82,5907,AT&T CORP,200104,2001-04-02,10-K405,edgar/data/5907/0000005907-01-000012.txt,1231,2206,-0.2836776257539489,14.813713987746057,38.545883346826706,21.343838933829105,43802,113636,1805,1043,0.010832834665070928,0.019412862121158787,0.015884050828962652,0.009178429370973988
83,5907,AT&T CORP,200104,2001-04-17,10-K405/A,edgar/data/5907/0000005907-01-000015.txt,6,10,-0.24999998437500096,21.625,20.809248554913296,16.973699421965318,108,519,4,5,0.011560693641618497,0.019267822736030827,0.007707129094412331,0.009633911368015413
84,5907,AT&T CORP,200105,2001-05-15,10-Q,edgar/data/5907/0000950123-01-502538.txt,6,10,-0.24999998437500096,21.625,20.809248554913296,16.973699421965318,108,519,4,5,0.011560693641618497,0.019267822736030827,0.007707129094412331,0.009633911368015413
85,5907,AT&T CORP,200107,2001-07-03,10-Q/A,edgar/data/5907/0000950123-01-504075.txt,211,468,-0.3784977903114907,13.974093264248705,36.87224488114366,20.33853525815695,8950,24273,336,174,0.008692786223375767,0.0192806822395254,0.013842541095043875,0.007168458781362007
86,5907,AT&T CORP,200108,2001-08-10,10-Q/A,edgar/data/5907/0000950123-01-505366.txt,150,374,-0.4274809152147311,14.535064935064936,36.75244222063378,20.515002862279488,6170,16788,243,101,0.008934953538241601,0.02227781748868239,0.014474624731951394,0.006016202049082678
87,5907,AT&T CORP,200108,2001-08-14,10-Q,edgar/data/5907/0000950123-01-505598.txt,150,465,-0.512195121118382,13.592558139534884,36.07309061045716,19.86625949999682,5271,14612,221,87,0.010265535176567205,0.031823159047358336,0.015124555160142349,0.005954010402408979
88,6071,AMES DEPARTMENT STORES INC,199809,1998-09-02,10-Q,edgar/data/6071/0000006071-98-000023.txt,14,25,-0.2820512748191981,11.775423728813559,33.75314861460957,18.211428937369252,938,2779,20,17,0.005037783375314861,0.008996041741633681,0.007196833393306945,0.0061173083843109035
89,6071,AMES DEPARTMENT STORES INC,199812,1998-12-10,10-Q,edgar/data/6071/0000006071-98-000026.txt,6,10,-0.24999998437500096,21.625,20.809248554913296,16.973699421965318,108,519,4,5,0.011560693641618497,0.019267822736030827,0.007707129094412331,0.009633911368015413
90,6071,AMES DEPARTMENT STORES INC,199904,1999-04-05,10-K,edgar/data/6071/0000889812-99-001116.txt,189,390,-0.34715025846778885,13.146020761245675,34.81785639081912,19.185550860825916,6614,18996,249,107,0.009949463044851548,0.02053063802905875,0.013108022741629817,0.005632764792587913
91,6071,AMES DEPARTMENT STORES INC,199906,1999-06-15,10-Q,edgar/data/6071/0000006071-99-000013.txt,20,67,-0.5402298788479324,11.244712990936556,33.69156367544331,17.974510666551947,1254,3722,105,27,0.0053734551316496505,0.01800107469102633,0.028210639441160666,0.007254164427727029
92,6071,AMES DEPARTMENT STORES INC,199909,1999-09-14,10-Q,edgar/data/6071/0000006071-99-000015.txt,64,177,-0.46887966610423376,13.60032362459547,36.109458655562165,19.883912912063053,3035,8405,148,68,0.007614515169541939,0.021058893515764426,0.017608566329565735,0.00809042236763831
93,6071,AMES DEPARTMENT STORES INC,199912,1999-12-14,10-Q,edgar/data/6071/0000006071-99-000017.txt,36,83,-0.3949579798743027,12.737704918032787,33.48041919470491,18.48724964509508,1821,5439,47,32,0.006618863761720904,0.015260158117300974,0.00864129435558007,0.0058834344548630265
94,6071,AMES DEPARTMENT STORES INC,200004,2000-04-11,10-K,edgar/data/6071/0000006071-00-000002.txt,178,319,-0.28370221270884866,12.258942457231726,35.1221059308595,18.95241935523649,5537,15765,202,98,0.011290834126228989,0.020234697113859817,0.012813193783698065,0.006216301934665398
95,6071,AMES DEPARTMENT STORES INC,200006,2000-06-13,10-Q,edgar/data/6071/0000006071-00-000011.txt,18,64,-0.5609756029149316,10.49698795180723,33.314203730272595,17.52447667283193,1161,3485,74,26,0.005164992826398852,0.01836441893830703,0.021233859397417502,0.007460545193687231
96,6201,AMR CORP,199908,1999-08-16,10-Q,edgar/data/6201/0000006201-99-000023.txt,31,190,-0.7194570103191991,13.421610169491526,33.164956590370956,18.634626703944992,2101,6335,95,43,0.00489344909234412,0.02999210734017364,0.01499605367008682,0.006787687450670876
97,6201,AMR CORP,199911,1999-11-05,10-Q,edgar/data/6201/0000006201-99-000028.txt,32,169,-0.6815920364099899,13.178723404255319,33.59702938327413,18.710301115011784,2081,6194,100,43,0.005166289958023894,0.027284468840813692,0.01614465611882467,0.006942202131094608
98,6201,AMR CORP,200003,2000-03-27,10-K405,edgar/data/6201/0000950134-00-002454.txt,6,10,-0.24999998437500096,21.583333333333332,20.84942084942085,16.973101673101674,108,518,4,5,0.011583011583011582,0.019305019305019305,0.007722007722007722,0.009652509652509652
99,6201,AMR CORP,200005,2000-05-11,10-Q,edgar/data/6201/0000006201-00-000009.txt,6,10,-0.24999998437500096,21.625,20.809248554913296,16.973699421965318,108,519,4,5,0.011560693641618497,0.019267822736030827,0.007707129094412331,0.009633911368015413
100,6201,AMR CORP,200007,2000-07-28,10-Q,edgar/data/6201/0000950134-00-006067.txt,34,143,-0.6158192055603435,11.673267326732674,31.14927905004241,17.129018550710033,1469,4716,67,36,0.00720949957591179,0.030322307039864292,0.014206955046649703,0.007633587786259542
101,6201,AMR CORP,200010,2000-10-26,10-Q,edgar/data/6201/0000006201-00-000017.txt,35,161,-0.6428571395772595,12.883977900552486,32.13979416809605,18.009508827459417,1499,4664,71,36,0.007504288164665523,0.034519725557461405,0.015222984562607204,0.007718696397941681
102,6201,AMR CORP,200103,2001-03-22,10-K405,edgar/data/6201/0000950134-01-002483.txt,793,2967,-0.5781914892079278,14.18593923970097,38.350880733739224,21.01472798937608,34204,89187,1171,1498,0.008891430365412,0.03326718019442296,0.013129716214246471,0.016796169845381053
103,6201,AMR CORP,200104,2001-04-24,10-Q,edgar/data/6201/0000950134-01-500665.txt,6,10,-0.24999998437500096,21.583333333333332,20.84942084942085,16.973101673101674,108,518,4,5,0.011583011583011582,0.019305019305019305,0.007722007722007722,0.009652509652509652
104,6201,AMR CORP,200108,2001-08-13,10-Q,edgar/data/6201/0000006201-01-500032.txt,29,153,-0.6813186775751721,13.942786069651742,32.7921498661909,18.693974374337056,1838,5605,116,45,0.0051739518287243534,0.027297056199821586,0.020695807314897414,0.008028545941123996
105,6201,AMR CORP,200110,2001-10-25,10-Q,edgar/data/6201/0000006201-01-500047.txt,40,228,-0.7014925346959234,15.216494845360824,35.12195121951219,20.135378425949206,2592,7380,167,77,0.005420054200542005,0.030894308943089432,0.02262872628726287,0.01043360433604336
106,6201,AMR CORP,200202,2002-02-28,10-K405,edgar/data/6201/0000950134-02-001661.txt,6,10,-0.24999998437500096,21.625,20.809248554913296,16.973699421965318,108,519,4,5,0.011560693641618497,0.019267822736030827,0.007707129094412331,0.009633911368015413
107,6201,AMR CORP,200204,2002-04-18,10-Q,edgar/data/6201/0000006201-02-000015.txt,17,117,-0.7462686511472489,12.178343949044587,34.04811715481171,18.49058444154252,1302,3824,67,40,0.00444560669456067,0.03059623430962343,0.01752092050209205,0.010460251046025104
108,6201,AMR CORP,200207,2002-07-19,10-Q,edgar/data/6201/0000006201-02-000035.txt,6,10,-0.24999998437500096,21.583333333333332,20.84942084942085,16.973101673101674,108,518,4,5,0.011583011583011582,0.019305019305019305,0.007722007722007722,0.009652509652509652
109,6201,AMR CORP,200210,2002-10-18,10-Q,edgar/data/6201/0000006201-02-000052.txt,6,10,-0.24999998437500096,21.583333333333332,20.84942084942085,16.973101673101674,108,518,4,5,0.011583011583011582,0.019305019305019305,0.007722007722007722,0.009652509652509652
110,6201,AMR CORP,200210,2002-10-18,10-Q/A,edgar/data/6201/0000950134-02-012680.txt,24,138,-0.7037036993598538,11.52322738386308,36.282622533418206,19.122339966912516,1710,4713,72,44,0.005092297899427116,0.02928071292170592,0.015276893698281349,0.009335879482283047
111,6201,AMR CORP,200210,2002-10-18,10-Q/A,edgar/data/6201/0000950134-02-012682.txt,30,193,-0.7309417007581089,11.990689013035382,35.5024072060879,18.997238487649316,2286,6439,88,56,0.004659108557229384,0.029973598384842367,0.013666718434539525,0.008697002640161516
112,6201,AMR CORP,200304,2003-04-01,NT 10-K,edgar/data/6201/0000006201-03-000012.txt,6,10,-0.24999998437500096,21.625,20.809248554913296,16.973699421965318,108,519,4,5,0.011560693641618497,0.019267822736030827,0.007707129094412331,0.009633911368015413
113,6201,AMR CORP,200304,2003-04-15,10-K,edgar/data/6201/0001047469-03-013301.txt,800,2136,-0.4550408717796183,40.65854694802436,9.554843428889894,20.085356150765705,27431,287090,1092,802,0.0027865826047580896,0.0074401755547041,0.0038036852554947926,0.002793549061269985
114,6201,AMR CORP,200305,2003-05-15,10-Q,edgar/data/6201/0000006201-03-000030.txt,66,294,-0.6333333315740741,12.854724964739068,36.833443054641215,19.875267207752117,3357,9114,153,114,0.007241606319947334,0.03225806451612903,0.016787360105332456,0.012508229098090849
115,6201,AMR CORP,200307,2003-07-18,10-Q,edgar/data/6201/0000006201-03-000045.txt,109,360,-0.5351812355326626,14.576576576576576,37.59491435634823,20.86859637316992,4258,11326,199,162,0.009623874271587498,0.03178527282359173,0.01757019247748543,0.01430337277061628
116,6201,AMR CORP,200810,2008-10-16,10-Q,edgar/data/6201/0000006201-08-000060.txt,147,889,-0.7162162155248878,543.0178571428571,7.566838764839357,220.2338783630786,16107,212863,339,284,0.0006905850241704758,0.00417639514617383,0.0015925736271686483,0.0013341914752681302
117,6201,AMR CORP,200902,2009-02-19,10-K,edgar/data/6201/0000006201-09-000009.txt,869,3195,-0.5723425195442071,590.215139442231,8.861243114807214,239.6305530228153,65637,740720,1108,1052,0.0011731828491197754,0.0043133707743816824,0.00149584188357274,0.001420239766713468
118,6201,AMR CORP,200904,2009-04-16,10-Q,edgar/data/6201/0000006201-09-000016.txt,88,433,-0.662188098537067,988.2758620689655,7.91695743196092,398.47712780037057,6807,85980,195,114,0.0010234938357757619,0.005036054896487555,0.0022679692951849267,0.0013258897418004186
119,6201,AMR CORP,200907,2009-07-15,10-Q,edgar/data/6201/0000006201-09-000029.txt,244,1051,-0.6231660226848138,968.0585585585585,8.472888524910543,390.61257883338766,18209,214909,506,391,0.0011353642704586592,0.004890442001032996,0.0023544849215249245,0.0018193747120874417
120,6201,AMR CORP,200910,2009-10-21,10-Q,edgar/data/6201/0000006201-09-000038.txt,154,660,-0.6216216208579587,666.6622222222222,7.618717458116388,269.71237587213545,11428,149999,340,183,0.0010266735111567411,0.00440002933352889,0.0022666817778785194,0.0012200081333875558
121,6201,AMR CORP,200911,2009-11-06,10-Q/A,edgar/data/6201/0000006201-09-000040.txt,6,83,-0.865168529604848,279.2307692307692,9.882920110192837,115.64547573638484,1435,14520,17,30,0.00041322314049586776,0.005716253443526171,0.0011707988980716253,0.002066115702479339
122,6201,AMR CORP,201002,2010-02-17,10-K,edgar/data/6201/0000006201-10-000006.txt,383,1898,-0.6641823758596307,718.336551724138,7.45573105680941,290.316913112379,38829,520794,702,443,0.0007354155385814737,0.0036444352277483997,0.0013479417965644766,0.00085062423914254
123,6201,AMR CORP,201004,2010-04-21,10-Q,edgar/data/6201/0000006201-10-000013.txt,92,405,-0.6297786707650329,1099.1704545454545,7.434325472722198,442.64191200727066,7191,96727,162,98,0.0009511305013078044,0.004187041880757182,0.001674816752302873,0.0010131607513930961
124,6201,AMR CORP,201007,2010-07-21,10-Q,edgar/data/6201/0000950123-10-066894.txt,194,4620,-0.9194017447196922,43.12337413925019,6.5216523470940215,19.858010594537685,14703,225449,412,307,0.00086050503661582,0.020492439531778806,0.001827464304565556,0.001361727042479674
125,6201,AMR CORP,201010,2010-10-20,10-Q,edgar/data/6201/0000950123-10-094605.txt,189,4378,-0.9172323186080069,93.42207792207792,7.054980190449712,40.19082324501105,12180,172644,345,274,0.0010947383054146103,0.0253585412756887,0.00199833182734413,0.0015870809295428744
126,6260,ANACOMP INC,199402,1994-02-14,10-Q,edgar/data/6260/0000006260-94-000014.txt,6,10,-0.24999998437500096,21.625,20.809248554913296,16.973699421965318,108,519,4,5,0.011560693641618497,0.019267822736030827,0.007707129094412331,0.009633911368015413
127,6260,ANACOMP INC,199405,1994-05-12,10-Q,edgar/data/6260/0000006260-94-000016.txt,10,13,-0.1304347769376184,2.100840336134454,33.35,14.180336134453782,667,2000,15,7,0.005,0.0065,0.0075,0.0035
128,6260,ANACOMP INC,199712,1997-12-29,10-K,edgar/data/6260/0000006260-97-000011.txt,181,443,-0.4198717941989234,11.909505208333334,39.90597496310064,20.726192068573592,7300,18293,240,169,0.009894495162083856,0.024216913573498058,0.01311977259060843,0.009238506532553436
129,6260,ANACOMP INC,199802,1998-02-17,10-Q,edgar/data/6260/0000006260-98-000001.txt,38,166,-0.6274509773164167,10.096958174904943,39.9924684616833,20.0357706546353,2124,5311,38,57,0.007154961400866127,0.031255884014309926,0.007154961400866127,0.01073244210129919
130,6260,ANACOMP INC,199805,1998-05-13,10-Q,edgar/data/6260/0000006260-98-000003.txt,34,63,-0.29896906908279314,10.92517006802721,34.184308841843084,18.043791563948115,1098,3212,33,27,0.010585305105853052,0.019613947696139476,0.010273972602739725,0.008405977584059776
131,6260,ANACOMP INC,199808,1998-08-14,10-Q,edgar/data/6260/0000914121-98-000672.txt,35,109,-0.513888885320216,11.687845303867404,35.027180335618056,18.686010255794184,1482,4231,48,41,0.008272276057669581,0.025762231151028124,0.011344835736232569,0.009690380524698653
132,6260,ANACOMP INC,199812,1998-12-29,10-K405,edgar/data/6260/0001047469-98-045227.txt,178,349,-0.32447817775241333,11.50236326806212,39.63017317287937,20.453014576376596,6751,17035,254,138,0.0104490754329322,0.02048723216906369,0.014910478426768419,0.00810096859407103
133,6260,ANACOMP INC,199902,1999-02-11,10-Q,edgar/data/6260/0000006260-99-000005.txt,20,65,-0.5294117584775088,11.142372881355932,37.389717067234564,19.4128359794362,1229,3287,66,27,0.0060845756008518406,0.019774870702768482,0.020079099482811075,0.008214177061149984
134,6260,ANACOMP INC,199905,1999-05-17,10-Q,edgar/data/6260/0000006260-99-000007.txt,73,227,-0.5133333316222223,13.521472392638037,38.73638838475499,20.903144310957213,3415,8816,198,75,0.008280399274047187,0.025748638838475498,0.022459165154264972,0.00850725952813067
135,6260,ANACOMP INC,199908,1999-08-13,10-Q,edgar/data/6260/0000006260-99-000010.txt,36,152,-0.6170212733137166,11.6010101010101,37.636047017849364,19.69482284754379,1729,4594,79,30,0.00783630822812364,0.03308663474096648,0.017196343056160208,0.006530256856769699
136,11860,BETHLEHEM STEEL CORP /DE/,199811,1998-11-12,10-Q,edgar/data/11860/0000011860-98-000022.txt,101,245,-0.41618496989541914,12.155963302752294,37.87169811320755,20.011064566383936,2509,6625,67,37,0.015245283018867925,0.0369811320754717,0.010113207547169812,0.005584905660377358
137,11860,BETHLEHEM STEEL CORP /DE/,199903,1999-03-24,10-K405,edgar/data/11860/0001021408-99-000543.txt,423,1024,-0.4153420867896737,17.22979174020473,34.237482586249286,20.58690973058161,16712,48812,547,392,0.008665901827419487,0.020978447922641974,0.011206260755551914,0.008030812095386381
138,11860,BETHLEHEM STEEL CORP /DE/,199905,1999-05-14,10-Q,edgar/data/11860/0000011860-99-000025.txt,15,50,-0.538461530177515,5.753086419753086,32.74678111587983,15.399947014253167,763,2330,32,9,0.006437768240343348,0.02145922746781116,0.013733905579399141,0.0038626609442060085
139,11860,BETHLEHEM STEEL CORP /DE/,199906,1999-06-29,10-K/A,edgar/data/11860/0000011860-99-000030.txt,22,16,0.15789473268698073,7.991176470588235,37.98306956201693,18.389698413042066,1032,2717,31,14,0.008097165991902834,0.005888847994111152,0.011409642988590356,0.005152741994847258
140,11860,BETHLEHEM STEEL CORP /DE/,199908,1999-08-05,10-Q,edgar/data/11860/0000011860-99-000035.txt,6,10,-0.24999998437500096,21.583333333333332,20.84942084942085,16.973101673101674,108,518,4,5,0.011583011583011582,0.019305019305019305,0.007722007722007722,0.009652509652509652
141,11860,BETHLEHEM STEEL CORP /DE/,199911,1999-11-02,10-Q,edgar/data/11860/0000011860-99-000042.txt,73,256,-0.556231001348842,11.151041666666666,34.75945819710416,18.36419994550833,3721,10705,211,87,0.0068192433442316675,0.023914058851004203,0.01971041569360112,0.00812704343764596
142,11860,BETHLEHEM STEEL CORP /DE/,200003,2000-03-09,10-K,edgar/data/11860/0000011860-00-000019.txt,737,1692,-0.3931659117360371,11.537413849688217,39.44160776003072,20.39160864388758,27731,70309,780,1243,0.010482299563356043,0.024065197912073847,0.011093885562303545,0.017679102248645266
143,11860,BETHLEHEM STEEL CORP /DE/,200005,2000-05-03,10-Q,edgar/data/11860/0000011860-00-000022.txt,19,31,-0.23999999520000012,4.817910447761194,32.71375464684015,15.012666037840539,528,1614,12,10,0.011771995043370507,0.019206939281288724,0.007434944237918215,0.006195786864931847
144,11860,BETHLEHEM STEEL CORP /DE/,200006,2000-06-28,10-K/A,edgar/data/11860/0000011860-00-000025.txt,20,16,0.11111110802469146,7.952229299363057,38.966760112134565,18.767595764599047,973,2497,35,16,0.008009611533840609,0.006407689227072487,0.014016820184221065,0.006407689227072487
145,11860,BETHLEHEM STEEL CORP /DE/,200007,2000-07-26,10-Q,edgar/data/11860/0000011860-00-000028.txt,6,10,-0.24999998437500096,21.583333333333332,20.84942084942085,16.973101673101674,108,518,4,5,0.011583011583011582,0.019305019305019305,0.007722007722007722,0.009652509652509652
146,11860,BETHLEHEM STEEL CORP /DE/,200010,2000-10-25,10-Q,edgar/data/11860/0000011860-00-000038.txt,27,70,-0.44329896450207257,6.017291066282421,33.2375478927203,15.701935583601088,694,2088,20,12,0.01293103448275862,0.033524904214559385,0.009578544061302681,0.005747126436781609
147,12239,SPHERIX INC,200704,2007-04-02,10-K,edgar/data/12239/0001104659-07-024804.txt,6,10,-0.24999998437500096,21.625,20.809248554913296,16.973699421965318,108,519,4,5,0.011560693641618497,0.019267822736030827,0.007707129094412331,0.009633911368015413
148,12239,SPHERIX INC,200705,2007-05-16,NT 10-Q,edgar/data/12239/0001104659-07-040463.txt,6,10,-0.24999998437500096,21.583333333333332,20.84942084942085,16.973101673101674,108,518,4,5,0.011583011583011582,0.019305019305019305,0.007722007722007722,0.009652509652509652
149,12239,SPHERIX INC,200705,2007-05-18,10-Q,edgar/data/12239/0001104659-07-041441.txt,24,985,-0.9524281457359484,176.8880308880309,2.9903522940585847,71.9513532728358,1370,45814,81,25,0.0005238573361854454,0.02149997817261099,0.0017680185096258785,0.0005456847251931724
150,12239,SPHERIX INC,200705,2007-05-23,10-K/A,edgar/data/12239/0001104659-07-042333.txt,195,4499,-0.9169152107122037,190.83214285714286,2.947616641401381,77.5119037994177,6300,213732,321,145,0.0009123575318623323,0.021049725824864782,0.0015018808601426085,0.000678419703179683
151,12239,SPHERIX INC,200708,2007-08-14,10-Q,edgar/data/12239/0001104659-07-062470.txt,6,10,-0.24999998437500096,21.583333333333332,20.84942084942085,16.973101673101674,108,518,4,5,0.011583011583011582,0.019305019305019305,0.007722007722007722,0.009652509652509652
